职位,公司,工作天数,薪资
数据标注实习生,博彦科技 - 互联网,≥5天,130-150/天
审核实习生,博彦科技 - 互联网,≥5天,130-150/天
开发测试工程师,百度 - 互联网,≥4天,面议
产业规划实习生,中国信息通信研究院 - 通信/电子,≥3天,面议
研究员助理,中国信息通信研究院 - 通信/电子,≥2天,120-180/天
量化研究员,爱奇艺 - 互联网,≥4天,面议
市场实习生,大唐实创（北京）投资...,≥4天,面议
平面设计实习生,大唐实创（北京）投资...,≥4天,面议
美资150强-市场部...,万宝盛华 - 专业服务/咨询,≥3天,120-150/天
产品运营实习生,ApplySquar... - 互联网,≥4天,100-120/天
社区运营实习生,ApplySquar... - 互联网,≥3天,100-120/天
教育类新媒体编辑,ApplySquar... - 互联网,≥3天,80-120/天
数据建模实习生,ApplySquar... - 互联网,≥3天,100-120/天
市场管培生,ApplySquar... - 互联网,≥3天,100-120/天
数据建模实习生,ApplySquar... - 互联网,≥3天,100-150/天
数据库运营实习生,ApplySquar... - 互联网,≥4天,100-150/天
内容编辑,材贤科技 - 互联网,≥5天,80-150/天
市场推广,材贤科技 - 互联网,≥5天,100-200/天
招聘专员,猎聘网 - 互联网,≥5天,100-100/天
猎头顾问,猎聘网 - 互联网,≥5天,100-150/天
猎头顾问培训生,聚猎 - 专业服务/咨询,≥4天,150-200/天
猎头顾问培训生,聚猎 - 专业服务/咨询,≥5天,100-150/天
运营实习生,聚猎 - 专业服务/咨询,≥3天,100-150/天
人力资源数据处理实习...,优信集团 - 互联网,≥3天,100-150/天
编辑实习生,互动百科 - 互联网,≥4天,110-150/天
商业运营实习生,互动百科 - 互联网,≥4天,100-150/天
词条编辑实习生,互动百科 - 互联网,≥4天,120-150/天
HR实习生,中健药业 - 生物/医药,≥5天,100-150/天
新媒体运营实习生,玩具超人 - 互联网,≥5天,100-200/天
商务BD实习生,玩具超人 - 互联网,≥3天,120-150/天
用户运营实习生,玩具超人 - 互联网,≥5天,120-150/天
法务实习生,氪空间 - 房地产,≥3天,100-150/天
猎头顾问/助理猎头顾...,HRnetOne - 专业服务/咨询,≥3天,100-120/天
实习生,腾讯地图,≥3天,面议
电力设备新能源团队实...,方正证券 - 基金/证券,≥4天,面议
法律实习生,君合律师事务所,≥4天,面议
导演助理实习生,网易公司 - 互联网,≥4天,面议
品牌联营实习生,乐视影业 - 影视传媒,≥4天,面议
内容营销实习生,乐视影业 - 影视传媒,≥4天,面议
固定收益组实习生,东北证券 - 基金/证券,≥3天,面议
基础技术测试部实习开...,百度 - 互联网,≥4天,面议
新媒体实习生,腾讯新闻,≥4天,面议
医药行研实习生,长城证券,≥3天,面议
图像视觉算法实习生,快手,≥4天,面议
西江御府一手楼盘驻场,广州中原 - 房地产,≥6天,150-250/天
图书编辑岗位,圣才电子书 - 教育/培训,≥1天,120-200/天
金融、统计,圣才电子书 - 教育/培训,≥2天,120-150/天
财会类实习生,圣才电子书 - 教育/培训,≥1天,120-150/天
传播学实习,圣才电子书 - 教育/培训,≥1天,120-150/天
法务类实习,圣才电子书 - 教育/培训,≥1天,120-150/天
社会工作图书编辑,圣才电子书 - 教育/培训,≥1天,120-150/天
教辅编辑,圣才电子书 - 教育/培训,≥1天,110-150/天
高级咨询师,弘创博学教育 - 教育/培训,≥5天,150-300/天
HR实习生,百度 - 互联网,≥5天,面议
品牌顾问实习生,昌荣传媒股份有限公司,≥4天,面议
新媒体运营实习生,优辰互联 - 互联网,≥3天,120-150/天
社群运营实习生,优辰互联 - 互联网,≥3天,120-150/天
文案编辑实习生,优辰互联 - 互联网,≥3天,120-150/天
公众号运营实习生,优辰互联 - 互联网,≥3天,120-150/天
猎头顾问助理实习生,华翰咨询 - 公众服务,≥4天,120-150/天
猎头顾问助理实习生,华翰咨询 - 公众服务,≥4天,120-150/天
高新房产经纪人,北京链家地产 - 房地产,≥5天,250-300/天
租赁经纪人,北京链家地产 - 房地产,≥5天,200-300/天
网易游戏高校记者,网易游戏 - 互联网,≥2天,80-120/天
人事/行政实习生,罗迈国际 - 公众服务,≥3天,100-150/天
猎头助理实习生,罗迈国际 - 公众服务,≥4天,100-150/天
销售储备经理/无责底...,北京链家 - 房地产,≥6天,190-380/天
销售代表/无责底薪5...,北京链家 - 房地产,≥6天,200-400/天
销售管培生/住房补贴...,北京链家 - 房地产,≥5天,180-360/天
人事/HR inte...,美标 - 日用/消费,≥3天,100-120/天
【计算机类编辑兼职、...,圣才教育 - 教育/培训,≥1天,100-170/天
各专业兼职编辑,圣才 - 教育/培训,≥1天,110-160/天
市场维护专员,材贤科技 - 互联网,≥5天,100-200/天
电竞赛事数据运营实习...,玩加赛事 - 互联网,≥5天,80-100/天
电竞内容策划实习生（...,玩加赛事 - 互联网,≥5天,80-120/天
王者荣耀内容编辑实习...,玩加赛事 - 互联网,≥5天,80-120/天
电竞（游戏）产品运营...,玩加赛事 - 互联网,≥5天,80-120/天
市场实习生,北京链家 - 房地产,≥5天,150-200/天
销售实习生,北京链家 - 房地产,≥5天,150-200/天
营销管培生,北京链家 - 房地产,≥5天,150-200/天
储备干部,北京链家 - 房地产,≥5天,150-200/天
总部直招――管培生,北京链家 - 房地产,≥5天,150-200/天
北京链家房产销售实习...,北京链家 - 房地产,≥5天,100-200/天
猎头实习生,猎聘网 - 互联网,≥4天,100-120/天
数据录入实习生,ApplySquar... - 互联网,≥3天,100-120/天
法务实习生（投融资方...,氪空间 - 房地产,≥3天,100-150/天
前台,建投享老 - 文化/娱乐,≥4天,100-150/天
采购实习生,蓝海华业 - 互联网,≥4天,120-150/天
总裁办实习生,蓝海华业 - 互联网,≥4天,100-150/天
项目工程师实习生,蓝海华业 - 互联网,≥4天,100-150/天
Retail Int...,美国固特异轮胎公司 - 材料/化工,≥3天,100-130/天
咨询,和学教育 - 教育/培训,≥5天,230-400/天
法务,博彦科技 - 互联网,≥4天,100-120/天
软件测试实习生,ApplySquar... - 互联网,≥3天,100-120/天
信息处理专员,嘉朋汉坊教育 - 教育/培训,≥3天,100-120/天
无责任底薪高级课程顾...,和学教育 - 教育/培训,≥5天,250-300/天
物理实习生,作业帮 - 互联网,≥4天,120-150/天
语文实习生,作业帮 - 互联网,≥5天,120-150/天
听审实习生,作业帮 - 互联网,≥5天,120-150/天
英语实习生,作业帮 - 互联网,≥5天,120-150/天
初中数学实习生,作业帮 - 互联网,≥5天,120-150/天
高中数学实习生,作业帮 - 互联网,≥3天,120-150/天
小数实习生,作业帮 - 互联网,≥3天,120-150/天
语文实习生,作业帮 - 互联网,≥3天,120-150/天
化学实习生,作业帮 - 互联网,≥3天,120-150/天
实习生（猎头方向）-...,杜拉拉人力 - 其他行业,≥4天,120-140/天
平面设计实习生,玩具超人 - 互联网,≥5天,80-150/天
中文汉语言类兼职编辑,圣才教育 - 教育/培训,≥2天,120-180/天
商务,睿驰科技 - 互联网,≥5天,130-160/天
英语翻译实习生,睿驰科技 - 互联网,≥5天,120-160/天
市场经理助理,睿驰科技 - 互联网,≥5天,120-200/天
会计,翻译先锋 - 专业服务/咨询,≥2天,200-400/天
财务,翻译先锋 - 专业服务/咨询,≥2天,200-400/天
电竞商务渠道助理实习...,玩加赛事 - 互联网,≥4天,100-150/天
HRBP实习生,氪空间 - 房地产,≥4天,100-150/天
销售储备干部/无责底...,北京链家 - 房地产,≥5天,190-380/天
链家总部销售储备干部,北京链家 - 房地产,≥5天,200-380/天
房产销售专员/横纵向...,北京链家 - 房地产,≥5天,199-388/天
销售代表/销售实习生,北京链家 - 房地产,≥5天,199-388/天
市场营销实习生,北京链家 - 房地产,≥5天,180-360/天
【链家总部】销售实习...,北京链家 - 房地产,≥5天,180-360/天
Lianjia.销售...,北京链家 - 房地产,≥6天,200-400/天
制片助理实习生,爱奇艺 - 互联网,≥4天,150-180/天
电影票项目助理,爱奇艺 - 互联网,≥4天,150-180/天
PHP开发实习生,爱奇艺 - 互联网,≥4天,180-220/天
人事招聘实习生,猎聘网 - 互联网,≥5天,100-120/天
助理实习生,西门子中国 - 机械/制造,≥3天,96-120/天
量化策略研究实习生,稳毅资产,≥4天,面议
投融资实习生,中民医疗投资股份有限...,≥3天,面议
人力资源岗实习生,中国出口信用保险公司,≥3天,面议
人力资源实习生（招聘...,京东方 - 通信/电子,≥3天,120-200/天
证券投资部研究员助理,新时代证券 - 专业服务/咨询,≥4天,面议
科技行业研究实习生,华菁证券,≥4天,200-200/天
猎头顾问,猎聘网 - 互联网,≥4天,100-120/天
项目执行实习生,北京大街网 - 互联网,≥3天,100-120/天
销售支持,北京大街网 - 互联网,≥3天,100-120/天
科技行业分析师,中信里昂证券 - 基金/证券,≥4天,面议
财务部实习生,中银国际证券 - 银行,≥3天,面议
债务资本市场部实习生,中银国际证券 - 银行,≥4天,面议
股权融资一部投行项目...,中银国际证券 - 银行,≥3天,面议
医疗产业投资实习生,九鼎投资,≥4天,面议
开放平台产品实习生,小米 - 互联网,≥4天,面议
财务实习生,科大讯飞 - 通信/电子,≥4天,面议
运营管理实习生,科大讯飞 - 通信/电子,≥4天,面议
行政实习生,科大讯飞 - 通信/电子,≥4天,面议
HR实习生（培训方向...,科大讯飞 - 通信/电子,≥4天,面议
销售代表（不用外出跑...,睿南星 - 投资/期货,≥5天,200-300/天
阿语产品实习生,泛阿网络 - 互联网,≥3天,120-150/天
人力资源实习生,爱奇艺 - 互联网,≥4天,120-150/天
HR实习生（招聘方向...,科大讯飞 - 通信/电子,≥4天,面议
人力资源实习生,猎聘网 - 互联网,≥5天,120-120/天
猎头实习生,猎聘网 - 互联网,≥5天,110-120/天
风控Project ...,中金公司 - 基金/证券,≥3天,面议
互联网资源收录实习生,百度 - 互联网,≥4天,面议
诚聘【财会类专业】兼...,圣才教育 - 教育/培训,≥1天,100-170/天
诚聘【文科管理类】兼...,圣才教育 - 教育/培训,≥1天,100-170/天
诚聘【语言史哲类】兼...,圣才教育 - 教育/培训,≥1天,100-170/天
远程视频字幕翻译,亿幕 - 互联网,≥1天,50-100/天
行政运营实习生,沐羽科技 - 机械/制造,≥5天,120-150/天
人事/HR实习生,沐羽科技 - 机械/制造,≥5天,120-150/天
视频剪辑实习生,沐羽科技 - 机械/制造,≥5天,100-150/天
文案策划实习生,沐羽科技 - 机械/制造,≥5天,100-150/天
行政人事实习生,沐羽科技 - 机械/制造,≥5天,100-150/天
新媒体运营实习生,沐羽科技 - 机械/制造,≥4天,150-200/天
短期调研实习生,沐羽科技 - 机械/制造,≥3天,100-120/天
短期市场调研实习生,沐羽科技 - 机械/制造,≥3天,100-120/天
短期调研实习生,沐羽科技 - 机械/制造,≥3天,100-120/天
短期市场调研实习生,沐羽科技 - 机械/制造,≥3天,100-120/天
新媒体运营实习生,沐羽科技 - 机械/制造,≥4天,150-200/天
文案创意实习生,沐羽科技 - 机械/制造,≥5天,100-150/天
视频剪辑实习生,沐羽科技 - 机械/制造,≥5天,100-150/天
人事/HR实习生,沐羽科技 - 机械/制造,≥5天,120-150/天
文案策划实习生,沐羽科技 - 机械/制造,≥5天,130-160/天
市场部实习生,沐羽科技 - 机械/制造,≥5天,120-150/天
行政运营实习生,沐羽科技 - 机械/制造,≥5天,120-150/天
财务部实习生,MALOCLINIC... - 医疗/卫生,≥3天,100-120/天
活动执行（实习）,建投享老 - 文化/娱乐,≥3天,100-150/天
linux内核测试实...,红帽软件 - 互联网,≥3天,200-200/天
linux测试实习生...,红帽软件 - 互联网,≥4天,200-200/天
产品经理实习生,人人金服 - 互联网,≥4天,150-250/天
基金产品运营实习生,人人金服 - 互联网,≥4天,100-150/天
算法研究员实习生,人人金服 - 互联网,≥4天,200-300/天
诚聘各类兼职编辑,圣才教育 - 教育/培训,≥1天,100-140/天
招聘助理,五八集团 - 互联网,≥3天,100-120/天
急聘各专业实习编辑,圣才电子书 - 教育/培训,≥1天,100-150/天
急聘语言类实习编辑,圣才电子书 - 教育/培训,≥1天,100-150/天
急聘工程建筑类实习编...,圣才电子书 - 教育/培训,≥1天,100-150/天
产品运营（内容）实习...,ApplySquar... - 互联网,≥4天,100-150/天
急聘财会类兼职编辑,圣才电子书 - 教育/培训,≥1天,100-150/天
招聘金融经管类实习编...,圣才电子书 - 教育/培训,≥1天,100-150/天
项目助理实习生,中国质量协会 - 政府/公共事业,≥4天,80-100/天
党务实习生,中国质量协会 - 政府/公共事业,≥4天,80-100/天
人力资源实习生,中国质量协会 - 政府/公共事业,≥4天,80-100/天
【工程建筑类专业】兼...,圣才教育 - 教育/培训,≥1天,100-170/天
语音识别实习生,滴滴出行 - 互联网,≥4天,面议
法律专业实习生,北京市安伦律师事务所,≥3天,120-120/天
用户体验实习生,滴滴出行 - 互联网,≥4天,200-200/天
计算机组实习生,申万宏源证券 - 基金/证券,≥4天,面议
销售/市场助理,富士胶片 - 医疗/卫生,≥3天,120-160/天
人力实习生,吉因加 - 医疗/卫生,≥3天,120-180/天
内容运营,悠悠行旅 - 互联网,≥3天,120-150/天
用户运营,悠悠行旅 - 互联网,≥1天,120-150/天
产品运营,悠悠行旅 - 互联网,≥1天,120-150/天
金融经管类编辑兼职,圣才教育 - 教育/培训,≥1天,100-170/天
项目执行（实习）,朗知传媒 - 公关/会展,≥3天,100-100/天
文案策划（实习）,朗知传媒 - 公关/会展,≥3天,100-100/天
媒介专员,我搜网络 - 互联网,≥5天,180-230/天
商务销售,我搜网络 - 互联网,≥5天,180-230/天
BD专员,我搜网络 - 互联网,≥5天,180-230/天
@首都一橘微博运营实...,橘子娱乐 - 互联网,≥4天,100-120/天
技术工程师,北电科林 - 通信/电子,≥3天,100-120/天
人力资源实习生/招聘...,全职招聘 - 专业服务/咨询,≥3天,90-120/天
数据标注,博彦科技 - 互联网,≥5天,120-150/天
助理实习生,全职招聘 - 专业服务/咨询,≥4天,100-150/天
招聘实习生,全职招聘 - 专业服务/咨询,≥4天,100-150/天
产品运营实习生,ApplySquar... - 互联网,≥3天,100-120/天
法务部实习生,博彦科技 - 互联网,≥4天,100-120/天
法务实习生,博彦科技 - 互联网,≥4天,100-120/天
PR文案实习生,蓝色光标 - 广告,≥3天,100-110/天
外呼专员,八零创成教育科技（北... - 教育/培训,≥5天,120-150/天
数据专员,八零创成教育科技（北... - 教育/培训,≥4天,120-150/天
大客户销售代表,纷享科技 - 互联网,≥5天,120-200/天
财务类实习生,软通动力 - 通信/电子,≥3天,100-120/天
自媒体公众号,原生动力 - 广告,≥4天,100-120/天
内容编辑实习生,清单 - 互联网,≥3天,90-100/天
编辑实习生,清单 - 互联网,≥3天,90-100/天
新媒体编辑实习生,清单 - 互联网,≥3天,90-100/天
猎头顾问助理,科锐国际 - 专业服务/咨询,≥3天,100-120/天
理工科电子书编辑招聘,圣才电子书 - 教育/培训,≥2天,130-150/天
工程类编辑实习生,圣才电子书 - 教育/培训,≥2天,130-150/天
临床医学电子书编辑,圣才电子书 - 教育/培训,≥2天,130-150/天
金融经管财会类电子书...,圣才电子书 - 教育/培训,≥2天,130-150/天
档案管理,首金网 - 投资/期货,≥4天,120-150/天
Java后台研发工程...,首金网 - 投资/期货,≥5天,180-200/天
测试工程师,首金网 - 投资/期货,≥5天,180-200/天
产品经理,首金网 - 投资/期货,≥5天,180-200/天
UI设计师,首金网 - 投资/期货,≥5天,180-200/天
法务专员,首金网 - 投资/期货,≥5天,150-180/天
人力资源实习生,首金网 - 投资/期货,≥5天,150-180/天
招聘顾问实习生,猎聘网 - 互联网,≥4天,100-130/天
FA实习生,小饭桌 - 互联网,≥4天,150-200/天
投资人（IR）实习生,小饭桌 - 互联网,≥4天,150-150/天
市场实习生,小饭桌 - 互联网,≥4天,100-100/天
财务实习生,小饭桌 - 互联网,≥4天,100-120/天
急招经济类兼职讲师（...,圣才电子书 - 教育/培训,≥1天,300-500/天
急招工程类兼职讲师（...,圣才电子书 - 教育/培训,≥1天,300-500/天
急招管理类兼职讲师（...,圣才电子书 - 教育/培训,≥1天,300-500/天
急招新闻类兼职讲师（...,圣才电子书 - 教育/培训,≥1天,300-500/天
急招法学类兼职讲师（...,圣才电子书 - 教育/培训,≥1天,300-500/天
急招教育、心理、中文...,圣才电子书 - 教育/培训,≥1天,300-500/天
急招金融、证券类兼职...,圣才电子书 - 教育/培训,≥1天,300-500/天
急招财会类兼职讲师（...,圣才电子书 - 教育/培训,≥1天,300-500/天
急招统计类兼职讲师（...,圣才电子书 - 教育/培训,≥1天,300-500/天
急招医学类兼职讲师（...,圣才电子书 - 教育/培训,≥1天,300-500/天
策略策划实习生,一点资讯 - 互联网,≥5天,150-200/天
设计实习生,一点资讯 - 互联网,≥5天,150-180/天
招商策划实习生,一点资讯 - 互联网,≥4天,150-180/天
数据实习生,正和岛 - 互联网,≥3天,130-150/天
行业研究部门实习生,优信集团 - 互联网,≥3天,100-150/天
人力资源招聘助理实习...,优信集团 - 互联网,≥3天,100-150/天
财务实习生,优信集团 - 互联网,≥3天,100-120/天
法务,源码资本 - 投资/期货,≥4天,100-150/天
新媒体,源码资本 - 投资/期货,≥3天,100-150/天
投后人力实习生（招聘...,源码资本 - 投资/期货,≥3天,100-150/天
财务实习生,源码资本 - 投资/期货,≥3天,100-150/天
财务,软通动力 - 通信/电子,≥5天,100-100/天
房产家居方向内容运营...,字节跳动,≥3天,150-150/天
投行部债券业务实习生,财富证券,≥3天,面议
电影编辑实习生,橘子娱乐 - 互联网,≥4天,100-120/天
摄像实习生,橘子娱乐 - 互联网,≥4天,100-120/天
人力资源实习生（招聘...,易观亚太 - 互联网,≥3天,100-101/天
计算机视觉方向实习生,北京大学计算机所,≥3天,面议
宏观组实习生,广发证券 - 投资/期货,≥3天,面议
商务合作部运营实习生,百度 - 互联网,≥4天,面议
债券融资总部销售交易...,海通证券,≥3天,面议
人力资源实习生,百济神州生物科技,≥3天,150-150/天
短视频|直播实习生,腾讯新闻,≥4天,面议
投资岗实习生,国开科创,≥4天,面议
实习生,工信部工业文化发展中...,≥3天,面议
行政实习生,北京粉丝时代 - 文化/娱乐,≥3天,100-110/天
实习编辑,盛拓传媒 - 互联网,≥4天,80-160/天
数码运营编辑实习,盛拓传媒 - 互联网,≥4天,80-160/天
内容编辑运营实习,盛拓传媒 - 互联网,≥4天,80-160/天
实习编导,盛拓传媒 - 互联网,≥5天,80-160/天
实习漫画师,盛拓传媒 - 互联网,≥5天,80-160/天
视频项目助理,盛拓传媒 - 互联网,≥5天,80-160/天
硬件编辑实习生,盛拓传媒 - 互联网,≥4天,80-160/天
新媒体运营实习生,盛拓传媒 - 互联网,≥4天,80-160/天
实习汽车编辑,盛拓传媒 - 互联网,≥4天,80-160/天
编辑,盛拓传媒 - 互联网,≥4天,80-160/天
课程顾问,弘创博学教育 - 教育/培训,≥5天,150-300/天
咨询顾问,弘创博学教育 - 教育/培训,≥5天,150-300/天
电话销售顾问+教育机...,弘创博学教育 - 教育/培训,≥5天,150-300/天
招生顾问,弘创博学教育 - 教育/培训,≥5天,150-300/天
销售顾问,弘创博学教育 - 教育/培训,≥5天,150-200/天
社群运营,大V店 - 互联网,≥5天,100-100/天
采销综合岗,大V店 - 互联网,≥5天,150-150/天
综合管理实习生,大V店 - 互联网,≥5天,150-180/天
用户运营实习生,大V店 - 互联网,≥5天,150-180/天
猎头寻访员,瀚卓 - 互联网,≥5天,100-200/天
猎头顾问助理（管培生...,瀚卓 - 互联网,≥5天,100-150/天
品牌部短视频策划（实...,氪空间 - 房地产,≥3天,100-150/天
内容运营实习生,氪空间 - 房地产,≥3天,100-150/天
产品运营实习生,氪空间 - 房地产,≥5天,100-150/天
业务支持助理实习生（...,氪空间 - 房地产,≥3天,100-150/天
HR实习生-培训组,氪空间 - 房地产,≥4天,100-150/天
IT运维实习生,36氪 - 互联网,≥3天,120-150/天
HRP系统部实习生,宝石花医疗 - 生物/医药,≥3天,150-200/天
Marcom Int...,万宝盛华 - 专业服务/咨询,≥3天,120-150/天
汇丰中国学生计划,外企德科 - 专业服务/咨询,≥3天,120-200/天
新媒体实习生,ApplySquar... - 互联网,≥3天,80-120/天
Tech Line ...,外联出国 - 专业服务/咨询,≥3天,120-120/天
AE实习生-北京奥美,奥美集团 - 广告,≥4天,49-50/天
人事助理,UMG联播传媒 - 影视传媒,≥5天,150-200/天
公关实习生-北京奥美,奥美集团 - 广告,≥4天,49-50/天
美术实习生-北京奥美,奥美集团 - 广告,≥5天,49-50/天
文案实习生,奥美集团 - 广告,≥4天,49-50/天
置业顾问,北京链家地产 - 房地产,≥5天,200-300/天
人力资源实习生,橘子娱乐 - 互联网,≥3天,100-120/天
艺人统筹实习生,橘子娱乐 - 互联网,≥4天,100-120/天
美妆运营实习生,橘子娱乐 - 互联网,≥4天,100-120/天
内容运营,橘子娱乐 - 互联网,≥5天,100-120/天
编导实习生,橘子娱乐 - 互联网,≥4天,100-120/天
运营实习生,橘子娱乐 - 互联网,≥4天,100-120/天
人力资源实习生,正和岛 - 互联网,≥4天,130-150/天
新媒体运营实习生,玩具超人 - 互联网,≥4天,100-200/天
国际业务实习生,正和岛 - 互联网,≥3天,130-150/天
项目运营实习生,正和岛 - 互联网,≥3天,120-140/天
客服实习生,正和岛 - 互联网,≥3天,130-150/天
市场部实习生（慕华教...,学堂在线 - 互联网,≥3天,120-150/天
市场部实习生,学堂在线 - 互联网,≥4天,120-150/天
策略运营实习生,八零创成教育科技（北... - 教育/培训,≥5天,130-160/天
新媒体运营实习生,八零创成教育科技（北... - 教育/培训,≥4天,100-120/天
产品培训讲师,八零创成教育科技（北... - 教育/培训,≥3天,120-120/天
主播运营实习生,八零创成教育科技（北... - 教育/培训,≥5天,130-160/天
人力资源实习生,八零创成教育科技（北... - 教育/培训,≥4天,140-160/天
教研员实习生,八零创成教育科技（北... - 教育/培训,≥5天,180-250/天
项目管理,八零创成教育科技（北... - 教育/培训,≥4天,120-150/天
网络编辑实习生,八零创成教育科技（北... - 教育/培训,≥3天,120-150/天
技术支持实习生（教学...,学堂在线 - 互联网,≥4天,120-150/天
财务,学堂在线 - 互联网,≥4天,120-150/天
营销推广实习生,威盛电子 - 通信/电子,≥4天,100-120/天
产品策划实习生,威盛电子 - 通信/电子,≥4天,100-120/天
招聘专员实习生,华翰咨询 - 公众服务,≥3天,120-180/天
猎头顾问助理实习生,华翰咨询 - 公众服务,≥3天,120-180/天
猎头顾问助理,华翰咨询 - 公众服务,≥3天,120-180/天
新媒体运营,虫星科技 - 互联网,≥4天,100-150/天
内容运营,虫星科技 - 互联网,≥4天,100-150/天
用户运营,虫星科技 - 互联网,≥4天,100-150/天
内容编辑实习生,IT桔子 - 互联网,≥3天,100-120/天
财务分析助理,和诚创新 - 专业服务/咨询,≥5天,100-120/天
投研分析,和诚创新 - 专业服务/咨询,≥5天,100-120/天
实习分析师,和诚创新 - 专业服务/咨询,≥5天,100-120/天
财务实习生,瑞思学科英语 - 教育/培训,≥4天,150-150/天
置业顾问 / 超高提...,链家 - 房地产,≥6天,300-400/天
链家 / 电话销售 ...,链家 - 房地产,≥6天,300-400/天
链家 / 置业顾问 ...,链家 - 房地产,≥6天,300-400/天
销售储备经理 / 无...,链家 - 房地产,≥6天,300-400/天
无责底薪4k / 房...,链家 - 房地产,≥6天,300-400/天
【链家】销售实习生/...,北京链家 - 房地产,≥5天,150-200/天
轻奢品牌运营实习生,与众不同 - 互联网,≥5天,120-200/天
商务运营实习生,与众不同 - 互联网,≥5天,120-200/天
设计实习,与众不同 - 互联网,≥5天,120-200/天
多语种翻译兼职,广州信实翻译公司 - 专业服务/咨询,≥5天,120-200/天
英语翻译（英翻中16...,广州信实翻译公司 - 专业服务/咨询,≥5天,100-120/天
电子书内容运营,圣才电子书 - 教育/培训,≥4天,100-120/天
人事助理,圣才电子书 - 教育/培训,≥6天,100-150/天
金融英语实习生,翻译先锋 - 专业服务/咨询,≥2天,100-200/天
【工程类】兼职讲师,圣才 - 教育/培训,≥1天,500-1000/天
【管理类】兼职讲师,圣才 - 教育/培训,≥1天,500-1000/天
【经济类】兼职讲师,圣才 - 教育/培训,≥1天,500-1000/天
【医学类】兼职讲师,圣才 - 教育/培训,≥1天,500-1000/天
【新闻类】兼职讲师,圣才 - 教育/培训,≥1天,500-1000/天
【法学类】兼职讲师,圣才 - 教育/培训,≥1天,500-1000/天
【教育类】兼职讲师,圣才 - 教育/培训,≥1天,500-1000/天
【英语类】兼职讲师,圣才 - 教育/培训,≥1天,500-1000/天
【心理类】兼职讲师,圣才 - 教育/培训,≥1天,500-1000/天
【金融、证券类】兼职...,圣才 - 教育/培训,≥1天,500-1000/天
【中文类（含文学类）...,圣才 - 教育/培训,≥1天,500-1000/天
【财会类（含经济师）...,圣才 - 教育/培训,≥1天,500-1000/天
【统计学】兼职讲师,圣才 - 教育/培训,≥1天,500-1000/天
【自学考试】六科目兼...,圣才 - 教育/培训,≥1天,500-1000/天
金融，证券类兼职讲师,圣才 - 教育/培训,≥1天,500-1000/天
英语类兼职讲师,圣才 - 教育/培训,≥1天,500-1000/天
经济学类兼职讲师,圣才 - 教育/培训,≥1天,500-1000/天
圣才教育――诚聘财会...,圣才 - 教育/培训,≥1天,500-1000/天
电子书编辑,圣才电子书 - 教育/培训,≥3天,100-120/天
运营实习生,宝石花医疗 - 生物/医药,≥3天,150-150/天
采购部实习生,宝石花医疗 - 生物/医药,≥3天,150-150/天
视频运营实习生（视频...,爱回收 - 互联网,≥4天,150-180/天
人事/HR,百度 - 互联网,≥4天,面议
搜索排序自然语言处理...,搜狗 - 互联网,≥4天,面议
人力资源实习生,中诚信国际信用评级有...,≥3天,100-150/天
财务助理实习生,浦发硅谷银行,≥4天,150-150/天
房产运营销售管培生,北京链家 - 房地产,≥6天,200-398/天
链家总部销售实习生/...,北京链家 - 房地产,≥6天,199-388/天
房产销售/销售代表/...,北京链家 - 房地产,≥6天,199-388/天
房产经纪人/房产销售...,北京链家 - 房地产,≥4天,200-400/天
销售实习生/完善的职...,北京链家 - 房地产,≥6天,188-366/天
新媒体,水母科技 - 生物/医药,≥5天,100-200/天
财务实习生,阿博茨科技 - 互联网,≥4天,150-200/天
课程老师,北京萤火虫 - 教育/培训,≥5天,300-500/天
网络营销,北京萤火虫 - 教育/培训,≥5天,300-500/天
课程顾问,北京萤火虫 - 教育/培训,≥5天,300-500/天
课程咨询师,北京萤火虫 - 教育/培训,≥5天,200-400/天
金融分析师实习生,阿博茨科技 - 互联网,≥3天,50-60/天
财经编辑实习生,阿博茨科技 - 互联网,≥4天,150-200/天
产品实习生（中投项目...,阿博茨科技 - 互联网,≥4天,150-200/天
运营实习生（中投项目...,阿博茨科技 - 互联网,≥4天,150-200/天
商业分析,腾讯 - 互联网,≥3天,150-150/天
市场实习生,tataUFO - 互联网,≥4天,130-140/天
运营实习生,tataUFO - 互联网,≥5天,100-120/天
英文翻译实习生,tataUFO - 互联网,≥4天,140-150/天
市场实习生（区块链方...,tataUFO - 互联网,≥4天,130-140/天
销售/代表/应届生/...,北京链家 - 房地产,≥6天,188-366/天
HR实习生,好未来 - 教育/培训,≥3天,120-120/天
人力资源实习生,泰禾集团 - 房地产,≥3天,面议
机构销售部实习生,华泰联合证券,≥4天,面议
前端实习生,美团点评 - 互联网,≥4天,面议
运营实习生,腾讯 - 互联网,≥5天,149-150/天
实习家教（语文）,昂立嗨课堂 - 教育/培训,≥1天,300-500/天
实习家教（历史）,昂立嗨课堂 - 教育/培训,≥1天,300-500/天
实习家教（生物）,昂立嗨课堂 - 教育/培训,≥1天,300-500/天
实习家教（英语）,昂立嗨课堂 - 教育/培训,≥1天,300-500/天
实习家教（地理）,昂立嗨课堂 - 教育/培训,≥1天,300-500/天
实习家教（政治）,昂立嗨课堂 - 教育/培训,≥1天,300-500/天
实习家教（化学）,昂立嗨课堂 - 教育/培训,≥1天,300-500/天
实习老师（数学）,昂立嗨课堂 - 教育/培训,≥1天,300-500/天
媒体公关实习生,JingJobs - 互联网,≥5天,150-150/天
人力资源实习生,北京市海淀区国有资产...,≥5天,100-120/天
新媒体编辑实习生,东方风行文化传媒 - 影视传媒,≥4天,60-70/天
销售代表/应届生/实...,北京链家 - 房地产,≥6天,199-388/天
销售代表/销售管培生,北京链家 - 房地产,≥6天,200-400/天
销售代表/客户运营,北京链家 - 房地产,≥5天,180-360/天
销售运营专员/无责底...,北京链家 - 房地产,≥6天,200-380/天
销售精英/无责底薪5...,北京链家 - 房地产,≥6天,200-400/天
销售管培生5000/...,北京链家 - 房地产,≥6天,180-360/天
销售代表/无责底薪5...,北京链家 - 房地产,≥6天,200-400/天
美资500强-技术培...,万宝盛华 - 专业服务/咨询,≥3天,120-150/天
客户经理,渠道网络 - 互联网,≥5天,100-100/天
大客户代表,渠道网络 - 互联网,≥5天,100-150/天
广告销售专员,渠道网络 - 互联网,≥5天,100-100/天
人力资源部实习生,中国城市建设研究院有... - 建筑/土木,≥3天,80-100/天
建筑,中国城市建设研究院有... - 建筑/土木,≥3天,50-100/天
党群部/纪检监察部实...,中国城市建设研究院有... - 建筑/土木,≥3天,50-100/天
招聘,中科曙光 - 通信/电子,≥4天,125-150/天
社交媒体英文实习编辑,人民网 - 公众服务,≥4天,30-60/天
兼职讲师【教育、中文...,圣才电子书 - 教育/培训,≥1天,400-800/天
兼职讲师【新闻类】,圣才电子书 - 教育/培训,≥2天,400-800/天
兼职讲师【管理类】,圣才电子书 - 教育/培训,≥1天,400-800/天
法务部实习生,高和资本 - 投资/期货,≥3天,129-131/天
财务部实习,高和资本 - 投资/期货,≥3天,129-131/天
金融市场部实习生,高和资本 - 投资/期货,≥3天,129-131/天
投资部实习生,高和资本 - 投资/期货,≥3天,130-160/天
商务行政助理,中科曙光 - 通信/电子,≥4天,125-150/天
市场运营实习生,Weego - 互联网,≥4天,130-150/天
产品运营实习生,Weego - 互联网,≥4天,130-150/天
内容运营实习生,Weego - 互联网,≥4天,130-150/天
商务拓展实习生,Weego - 互联网,≥4天,130-150/天
实习大客户项目产品运...,百度 - 互联网,≥4天,120-150/天
销售运营,梅赛德斯-奔驰汽车金... - 汽车,≥5天,面议
自然语言处理实习生,玖富集团 - 互联网,≥4天,面议
环保公用事业组实习生,华创证券 - 投资/期货,≥4天,100-100/天
AI前端开发实习生,滴滴出行 - 互联网,≥4天,面议
微信运营助理,辣妈资讯 - 互联网,≥4天,150-150/天
人力实习生,脉脉 - 互联网,≥4天,130-150/天
市场推广实习生（视频...,脉脉 - 互联网,≥5天,120-150/天
市场实习生,脉脉 - 互联网,≥4天,150-200/天
培训实习生,北京图透教育科技有限... - 互联网,≥3天,100-100/天
产品实习生,北京图透教育科技有限... - 互联网,≥3天,100-150/天
内容运营实习,汽车之家 - 互联网,≥3天,100-120/天
购物者营销部实习生,中国四达 - 专业服务/咨询,≥3天,150-150/天
数据分析,滴滴出行 - 互联网,≥4天,面议
投资研究助理实习生,天风证券 - 基金/证券,≥4天,面议
资产配置研究实习生,中金公司 - 基金/证券,≥3天,面议
招聘,猎聘网 - 互联网,≥5天,100-120/天
投资部实习生,峰瑞资本,≥3天,面议
财务实习生,国新国际投资有限公司,≥3天,面议
投行TMT行业部实习...,华泰联合证券,≥4天,面议
礼橙专车市场实习生,滴滴出行 - 互联网,≥4天,150-200/天
数据统计分析及优化算...,盛和资讯,≥4天,面议
建筑组实习生,东兴证券,≥3天,面议
研究部实习生,南华基金,≥3天,面议
投资经理助理实习生,盈创投资,≥2天,150-150/天
游戏策划,乐天派 - 互联网,≥4天,150-200/天
市场营销实习生,天极传媒 - 互联网,≥4天,100-150/天
D-美资500强-项...,万宝盛华 - 专业服务/咨询,≥3天,120-150/天
D-美资500强-L...,万宝盛华 - 专业服务/咨询,≥3天,150-200/天
消防安全工程兼职编辑,圣才教育 - 教育/培训,≥1天,100-150/天
HRBP实习生,美团点评 - 互联网,≥5天,120-150/天
新媒体运营实习生,天极传媒 - 互联网,≥4天,100-120/天
美国强生公司－Off...,万宝盛华 - 专业服务/咨询,≥2天,120-150/天
后端研发实习生,今日头条 - 互联网,≥4天,300-400/天
编导,果时传媒 - 影视传媒,≥5天,100-150/天
财务部实习生,嘉实基金,≥4天,面议
媒体运营实习生,野火金融,≥4天,150-150/天
品牌设计实习生,商汤科技 - 公众服务,≥4天,150-200/天
产品运营实习生,今日头条 - 互联网,≥3天,面议
人力资源部实习生,中国信息通信研究院 - 通信/电子,≥3天,面议
战略部实习生,36氪 - 互联网,≥4天,面议
汽车零部件采购工程师,捷成集团,≥5天,面议
后端研发实习生,字节跳动,≥3天,300-400/天
AI相关项目实习生,联想研究院,≥2天,面议
核心系统研发实习生,百度 - 互联网,≥4天,面议
法律专业实习生,腾讯 - 互联网,≥3天,面议
招聘,北京迈波斯咨询服务有... - 专业服务/咨询,≥3天,150-180/天
招聘实习生,易观 - 互联网,≥5天,100-150/天
人力资源实习生,易观 - 互联网,≥5天,100-150/天
零售运营部合同管理,梅赛德斯-奔驰汽车金... - 汽车,≥5天,120-150/天
金融经管类兼职编辑,圣才电子书 - 教育/培训,≥1天,100-200/天
财会类兼职编辑,圣才电子书 - 教育/培训,≥1天,100-200/天
工程建筑类兼职编辑,圣才电子书 - 教育/培训,≥1天,100-200/天
各科兼职编辑,圣才电子书 - 教育/培训,≥1天,100-200/天
兼职编辑（时间灵活，...,圣才电子书 - 教育/培训,≥1天,100-200/天
校园实习留学顾问,天行者留学 - 教育/培训,≥1天,300-500/天
财务实习生,贝塔斯曼 - 投资/期货,≥2天,149-150/天
PR intern,贝塔斯曼 - 投资/期货,≥3天,149-150/天
助理设计师,科达股份 - 广告,≥3天,100-150/天
项目执行,科达股份 - 广告,≥3天,100-150/天
媒介执行,科达股份 - 广告,≥3天,100-150/天
策划,科达股份 - 广告,≥3天,100-150/天
文案,科达股份 - 广告,≥3天,100-150/天
法务实习生,贝塔斯曼 - 投资/期货,≥3天,100-150/天
客户主任,科达股份 - 广告,≥3天,100-150/天
法务实习,猫眼娱乐,≥4天,面议
会计,51社保 - 互联网,≥4天,130-200/天
市场部实习生,东风标致,≥3天,面议
市场部实习生,中国投资咨询有限责任...,≥4天,面议
信托业务部实习生,长安国际信托股份有限...,≥3天,面议
翻译实习生,中国标准化研究院,≥3天,面议
战略部实习生,摩拜 - 互联网,≥4天,面议
税务实习生,摩拜 - 互联网,≥4天,面议
产品助理,美团点评 - 互联网,≥5天,160-200/天
助理实习生,恒润科技 - 通信/电子,≥3天,120-140/天
管理咨询实习生,伟思咨询 - 专业服务/咨询,≥1天,150-300/天
人力实习生,建信融通,≥4天,150-150/天
计算机视觉实习生,腾讯 - 互联网,≥4天,面议
自然语言处理实习生,腾讯 - 互联网,≥4天,面议
用户运营,三节课 - 互联网,≥3天,120-150/天
财务部实习生,双湖资本,≥4天,面议
投资分析管培实习生,中科集团,≥5天,面议
京东商城―居家生活事...,京东 - 互联网,≥4天,面议
人力资源实习生,大唐实创（北京）投资...,≥4天,面议
运营实习生,复思资本,≥3天,120-120/天
研究部实习生,大唐财富,≥3天,面议
用户研究实习生,美团 - 互联网,≥3天,面议
投后管理实习生,中国文化产业投资基金...,≥4天,面议
服务端研发实习生,小米有品,≥4天,面议
计算机视觉算法实习生,腾讯 - 互联网,≥4天,面议
信息流业务产品实习生,爱奇艺 - 互联网,≥3天,面议
法务实习生,北京猫眼文化传媒有限...,≥4天,面议
数据标注质检实习生,数据堂 - 互联网,≥3天,130-150/天
数据采集实习生,数据堂 - 互联网,≥3天,150-150/天
IT运维实习生,数据堂 - 互联网,≥4天,150-200/天
数据分析实习生,新浪微博 - 互联网,≥4天,面议
英语教研实习生,魔力耳朵 - 互联网,≥4天,150-200/天
外教管理实习生,魔力耳朵 - 互联网,≥4天,150-200/天
市场实习生,航天大道 - 通信/电子,≥3天,80-140/天
实习编辑,人民网 - 公众服务,≥3天,40-80/天
WEB 前端研发实习...,腾讯 - 互联网,≥4天,面议
HR实习生,依图科技,≥5天,面议
高分子材料相关方向实...,ABB,≥3天,面议
日中翻译实习生,佳能 - 通信/电子,≥3天,面议
电商事业部iOS实习...,网易公司 - 互联网,≥4天,面议
商务实习生,小熊博望 - 互联网,≥4天,120-180/天
财务实习生,小熊博望 - 互联网,≥4天,120-180/天
人事/HR,小熊博望 - 互联网,≥4天,120-180/天
测试实习生,学堂在线 - 互联网,≥4天,120-150/天
产品实习生,学堂在线 - 互联网,≥4天,120-150/天
人事/HR 实习生（...,万达传媒 - 广告,≥4天,100-150/天
考务实习生,Manpower - 专业服务/咨询,≥3天,150-168/天
债券业务实习生,财富证券,≥4天,面议
影视策划实习生,UMG联播传媒 - 影视传媒,≥5天,100-100/天
艺术类教师，不限专业,乐思科教 - 教育/培训,≥1天,150-200/天
HR实习生,今日头条 - 互联网,≥3天,120-150/天
PR Intern（...,罗德公关 - 专业服务/咨询,≥3天,90-120/天
行政实习生,罗德公关 - 专业服务/咨询,≥3天,90-110/天
HR Intern,罗德公关 - 专业服务/咨询,≥3天,90-110/天
Social Med...,罗德公关 - 专业服务/咨询,≥3天,90-100/天
PR Intern ...,罗德公关 - 专业服务/咨询,≥3天,90-100/天
HR Intern ...,罗德公关 - 专业服务/咨询,≥3天,90-100/天
数据分析,滴滴出行 - 互联网,≥3天,200-260/天
数据分析师岗,京东 - 互联网,≥4天,面议
财务实习生,通用技术集团,≥3天,100-100/天
媒体策划实习生,耳东影业,≥4天,150-150/天
电力电子实习生,ABB,≥3天,面议
技术支持实习生,金山云 - 互联网,≥4天,面议
信息流后端产品实习生,爱奇艺 - 互联网,≥4天,面议
人力资源实习生,德勤华永会计师事务所...,≥5天,面议
计算机组实习生,东兴证券,≥3天,面议
移动平台开发实习生,德勤咨询 - 专业服务/咨询,≥3天,面议
财务实习生,施耐德电气 - 其他行业,≥4天,100-100/天
自然语言处理开发实习...,数据堂 - 互联网,≥4天,面议
人力资源部实习生,方正证券 - 基金/证券,≥3天,面议
腾讯政旅运营编辑实习...,腾讯大燕网 - 互联网,≥5天,100-100/天
市场实习生,易观 - 互联网,≥5天,100-160/天
分析师助理（实习生）,易观 - 互联网,≥5天,100-160/天
数据顾问  实习生,易观 - 互联网,≥5天,100-160/天
CEO助理（管培生）,易观 - 互联网,≥5天,100-160/天
文案策划实习生,易观 - 互联网,≥5天,100-160/天
商务助理实习生,易观 - 互联网,≥5天,100-160/天
新媒体运营实习生,IT桔子 - 互联网,≥4天,100-150/天
运营/市场实习生,柔持英语教育 - 教育/培训,≥4天,130-150/天
总裁秘书,UMG联播传媒 - 影视传媒,≥5天,150-200/天
新媒体,笨猴科技 - 互联网,≥4天,150-200/天
人力资源实习生,猎聘网 - 互联网,≥4天,120-120/天
HR实习生（北京）,猎聘网 - 互联网,≥4天,120-120/天
LCMS Inter...,赛默飞世尔 - 生物/医药,≥3天,120-150/天
项目支持实习生,赛默飞世尔 - 生物/医药,≥3天,120-150/天
助理设计师,科达股份 - 广告,≥3天,100-120/天
项目执行,科达股份 - 广告,≥3天,100-120/天
媒介执行,科达股份 - 广告,≥3天,100-120/天
行政实习生,人民网 - 公众服务,≥4天,40-80/天
人力资源HRBP实习...,58集团 中华英才网 - 互联网,≥3天,100-150/天
招生顾问,北京图透教育科技有限... - 互联网,≥2天,100-150/天
教务老师,和学教育 - 教育/培训,≥5天,150-200/天
大数据体系算法实习生,京东 - 互联网,≥3天,面议
人力资源部实习生,广州华枫投资有限公司,≥4天,面议
测试工程师,IBM - 互联网,≥4天,面议
HR实习生,爱奇艺 - 互联网,≥4天,面议
web前端开发实习生,新浪微博 - 互联网,≥4天,面议
智能手机助手实习算法...,搜狗 - 互联网,≥5天,面议
人力资源实习生,友邦北分 - 保险,≥3天,120-120/天
人力实习生,百度 - 互联网,≥4天,面议
产品实习生,滴滴出行 - 互联网,≥5天,200-260/天
平面设计,北京配天技术有限公司,≥3天,面议
信托业务五部信托经理...,云南国际信托有限公司,≥3天,120-120/天
实习生(投资方向),国美资本,≥3天,面议
影视实习生,稻来纪录片实验室 - 影视传媒,≥4天,50-100/天
培训部实习生,瑞思学科英语 - 教育/培训,≥5天,150-200/天
行政助理,原象广告 - 互联网,≥5天,100-150/天
后台研发实习生,抖音,≥4天,400-400/天
商业分析实习生,美团点评 - 互联网,≥4天,面议
人事/HR,FESCO北京外企 - 专业服务/咨询,≥3天,100-120/天
医药代表实习生,FESCO北京外企 - 专业服务/咨询,≥3天,100-160/天
客服服务,FESCO北京外企 - 专业服务/咨询,≥5天,100-150/天
销售运营助理实习生,FESCO北京外企 - 专业服务/咨询,≥3天,100-120/天
项目助理实习生,FESCO北京外企 - 专业服务/咨询,≥3天,100-100/天
编辑助理,新东方大愚文化 - 教育/培训,≥2天,100-120/天
文案策划实习生,正略集团 - 专业服务/咨询,≥3天,100-150/天
培训文案策划,正略集团 - 专业服务/咨询,≥3天,120-150/天
KA大客户销售部实习...,百度 - 互联网,≥4天,面议
环保公用组行研实习生,东北证券 - 基金/证券,≥3天,面议
金融风险管理部实习生,毕马威 - 财务/会计/审计,≥4天,150-150/天
策略算法工程师,贝壳网,≥4天,面议
成长企业融资部实习生,华泰联合证券,≥4天,面议
数据梳理实习生,天闻数媒科技,≥4天,150-150/天
运营助理实习生,云势数据 - 互联网,≥5天,100-150/天
创客、编程类课程、机...,乐思科教 - 教育/培训,≥5天,150-200/天
商务,哥白尼尼 - 互联网,≥5天,100-160/天
新媒体,哥白尼尼 - 互联网,≥4天,100-170/天
社区运营实习生,微鲤科技 - 互联网,≥5天,200-300/天
新媒体实习生,微鲤科技 - 互联网,≥5天,200-300/天
社群运营实习生,八零创成教育科技（北... - 教育/培训,≥5天,120-150/天
产品实习生,今日头条 - 互联网,≥5天,面议
HR实习生,北京环境有限公司 - 互联网,≥3天,面议
人工智能方向HR实习...,百度 - 互联网,≥4天,面议
人力资源实习生,北京市电线电缆总厂,≥4天,面议
HR实习生,今日头条 - 互联网,≥4天,120-120/天
新媒体运营实习生,笨猴旅行,≥4天,面议
互联网运营实习生,红移科技,≥3天,面议
HRBP实习生,搜狐 - 互联网,≥4天,面议
人力资源实习生,中核能源,≥3天,120-150/天
新媒体运营实习生,川谷金融科技,≥4天,面议
基金方向投资分析师实...,北京工业发展投资管理...,≥4天,面议
人力资源实习生,太平再保险（中国）有...,≥3天,面议
新媒体实习生,体坛周报 - 互联网,≥4天,面议
大企业创新项目-实习...,北京中关村创业大街科...,≥5天,面议
会员事务管理实习生,中国机电产品进出口商...,≥3天,面议
跨境投融资部门律师助...,卓纬律师事务所,≥4天,面议
实习生,北京元合律师事务所,≥3天,面议
人力资源实习生,浪潮电子信息产业股份... - 通信/电子,≥4天,面议
数据分析实习生,百度 - 互联网,≥4天,面议
投资岗实习生,航天投资控股有限公司,≥4天,面议
档案馆实习生,北京外国语大学,≥4天,面议
战略合作部实习生,滴滴出行 - 互联网,≥4天,面议
AI智能外呼机器人项...,北京容联易通信息技术...,≥4天,120-150/天
计算机视觉实习生,爱奇艺 - 互联网,≥4天,面议
市场实习生（新媒体、...,巨杉数据库 - 互联网,≥4天,120-200/天
JAVA实习生（大数...,巨杉数据库 - 互联网,≥4天,150-200/天
摄影微课运营实习生,小年糕 - 互联网,≥5天,150-150/天
课程剪辑实习生,新声大观 - 互联网,≥4天,100-120/天
法律编辑实习生,法律出版社 - 政府/公共事业,≥3天,100-100/天
行政事务部实习生,友邦北分 - 保险,≥5天,100-120/天
媒介助理实习生,博睿体育 - 公关/会展,≥4天,150-150/天
JV投资银行分析师i...,汉能投资,≥4天,面议
交运组实习生,海通证券,≥4天,面议
咨询顾问,中国信息通信研究院 - 通信/电子,≥3天,100-150/天
实习生,HTC Vive,≥4天,面议
大数据开发实习生,爱奇艺 - 互联网,≥4天,面议
课程顾问,易保研北京 - 教育/培训,≥5天,100-150/天
售后客户维护实习生,易保研北京 - 教育/培训,≥2天,100-150/天
金融板块行业研究岗实...,阳光保险集团,≥3天,面议
猎头顾问(实习生),北京凡尔康咨询 Fa... - 专业服务/咨询,≥4天,120-150/天
媒介策划实习生,昌荣传播 Charm - 广告,≥4天,95-135/天
客户执行实习生,昌荣传播 Charm - 广告,≥4天,95-135/天
人力资源实习生,昌荣传播 Charm - 广告,≥4天,95-135/天
会计实习生,昌荣传播 Charm - 广告,≥4天,95-135/天
法务实习生,昌荣传播 Charm - 广告,≥4天,95-135/天
行政实习生,昌荣传播 Charm - 广告,≥4天,95-135/天
平面设计实习生,昌荣传播 Charm - 广告,≥4天,95-135/天
媒体购买执行实习生,昌荣传播 Charm - 广告,≥4天,95-135/天
文案策划实习生,昌荣传播 Charm - 广告,≥4天,95-135/天
招聘,猎聘网 - 专业服务/咨询,≥4天,80-100/天
招聘顾问助理,万宝盛华 - 专业服务/咨询,≥3天,120-120/天
数据标注实习生,360企业安全 - 互联网,≥3天,60-100/天
图书编辑,人民邮电出版社普华公...,≥3天,面议
专户业务二部实习生,新华基金,≥4天,面议
视频实习生,水滴汽车 - 汽车,≥5天,100-150/天
内容运营实习生,水滴汽车 - 汽车,≥5天,100-150/天
Tech PR In...,Influence ... - 公关/会展,≥5天,150-150/天
项目实习生,智联招聘子公司-AT... - 专业服务/咨询,≥3天,165-165/天
项目运营管培生,智联招聘子公司-AT... - 专业服务/咨询,≥3天,165-165/天
投资数据实习生,源码资本 - 投资/期货,≥3天,150-200/天
实习生,智联招聘子公司-AT... - 专业服务/咨询,≥3天,165-165/天
HR助理实习生,正略集团 - 专业服务/咨询,≥3天,120-150/天
助理,智联招聘子公司-AT... - 专业服务/咨询,≥3天,165-165/天
HR intern ...,正略集团 - 专业服务/咨询,≥3天,120-150/天
项目管培生,智联招聘子公司-AT... - 专业服务/咨询,≥3天,165-165/天
人才培养与开发顾问实...,正略集团 - 专业服务/咨询,≥3天,120-150/天
人力实习生,恒润科技 - 通信/电子,≥3天,100-150/天
项目助理实习生,智联招聘子公司-AT... - 专业服务/咨询,≥3天,165-165/天
项目运营管培生,智联招聘子公司-AT... - 专业服务/咨询,≥3天,165-165/天
HR实习生,今日头条 - 互联网,≥5天,120-150/天
音频内容运营,凤凰网 - 互联网,≥5天,90-120/天
人事/HR,瑞幸咖啡 - 互联网,≥3天,120-150/天
英语教研实习生,葡萄智学 - 教育/培训,≥3天,100-200/天
HR实习生,IDC咨询（北京）有...,≥3天,面议
设计实习生,IDC咨询（北京）有...,≥3天,面议
信用策略研究实习生,鹏扬基金,≥4天,100-100/天
量化分析实习生,中国民生信托有限公司,≥3天,面议
系统开发实习生,民生信托,≥3天,面议
算法工程师,快手,≥4天,面议
编校实习生,法律出版社,≥3天,面议
传播部 CC pro...,西门子中国 - 机械/制造,≥3天,面议
法律部BP组实习生,搜狗 - 互联网,≥4天,面议
资讯实习生,粉笔公考,≥3天,180-180/天
嵌入式软件开发实习生,中科院电子所,≥5天,面议
财务实习生,蝶和科技（中国）有限...,≥4天,面议
硬件实习生,北京经纬恒润科技有限...,≥3天,100-150/天
数据可视化实习生,滴滴出行 - 互联网,≥4天,面议
软件测试实习生,北京龙鼎源科技股份有...,≥3天,面议
分布式机器学习工程师,凤凰新闻,≥3天,面议
HR实习生,北京多贝兄弟信息技术...,≥4天,面议
内容运营实习生,滴滴出行 - 互联网,≥4天,面议
商务实习生,布劳克晨 - 互联网,≥4天,200-240/天
情感咨询师,三感video - 影视传媒,≥5天,150-200/天
用户运营,新浪 - 互联网,≥5天,100-100/天
运营实习生（社区内容...,脉脉 - 互联网,≥5天,150-150/天
产品运营实习生（课程...,脉脉 - 互联网,≥3天,130-150/天
用户数据运营实习生,脉脉 - 互联网,≥5天,130-150/天
校招实习生,易宝支付 - 互联网,≥5天,150-200/天
各专业电子书编辑,圣才教育 - 教育/培训,≥3天,120-150/天
管理类电子书编辑,圣才教育 - 教育/培训,≥3天,120-150/天
债承销业务线日常实习...,中信证券 - 基金/证券,≥4天,面议
量化研究实习生,长城基金 - 投资/期货,≥3天,面议
投资经理助理实习生,盈创投资,≥2天,面议
软件测试工程师,富谙智（上海）信息技...,≥3天,300-300/天
推荐算法研发工程师,百度 - 互联网,≥4天,面议
投资研究部实习生,锦成盛资产管理有限公...,≥4天,面议
助理产品研发岗,中债资信评估有限责任...,≥4天,面议
大数据开发实习生,北京明特量化信息技术...,≥4天,面议
前端实习生,北京多点在线科技有限...,≥5天,面议
财务实习生,北京鼎普科技股份有限...,≥4天,面议
内容运营,恒天财富 - 投资/期货,≥4天,120-200/天
用户运营,恒天财富 - 投资/期货,≥3天,120-200/天
互联网分析师,易观 - 互联网,≥5天,100-150/天
财务实习生,正略集团 - 专业服务/咨询,≥4天,120-150/天
市场部新媒体实习生,以太创服 - 投资/期货,≥5天,150-150/天
行政管理实习生,星榜 - 互联网,≥4天,120-140/天
翻译,亿睿科 - 互联网,≥4天,150-220/天
行政助理实习生-亦庄,地产五大行-戴德梁行 - 房地产,≥4天,100-200/天
语言类电子书编辑兼职,圣才教育 - 教育/培训,≥1天,120-200/天
HRBP实习生,上海思芮 - 互联网,≥5天,100-200/天
招聘,上海思芮 - 互联网,≥4天,100-150/天
人力实习生,蛋壳公寓 - 互联网,≥5天,100-200/天
教育频道实习生,人民网 - 公众服务,≥3天,40-80/天
英语教材兼职讲师,圣才电子书 - 教育/培训,≥1天,500-1000/天
HR实习生-可转正,今日头条 - 互联网,≥4天,120-150/天
新闻类兼职讲师,圣才电子书 - 教育/培训,≥1天,500-1000/天
管理类兼职讲师,圣才电子书 - 教育/培训,≥1天,600-1000/天
工程类兼职讲师,圣才电子书 - 教育/培训,≥1天,600-1000/天
经济类兼职讲师,圣才电子书 - 教育/培训,≥1天,600-1000/天
CEO助理,爱光年 - 互联网,≥3天,90-110/天
人事/HR,爱光年 - 互联网,≥3天,90-110/天
研发工程师,滴滴出行 - 互联网,≥4天,面议
工业地产实习生,光大安石,≥5天,面议
WEB开发工程师,IBM - 互联网,≥4天,面议
Java开发实习生,爱奇艺 - 互联网,≥4天,面议
智能手机助手实习算法...,搜狗 - 互联网,≥4天,面议
股权投资业务岗实习生,广发乾和,≥4天,面议
投资业务部实习生,国信弘盛,≥3天,面议
人力资源部实习生,国家大剧院 - 文化/娱乐,≥3天,面议
开发实习生,VMware威睿,≥4天,面议
诚聘兼职讲师（法学类...,圣才电子书 - 教育/培训,≥1天,500-1000/天
诚聘兼职讲师（教育类...,圣才电子书 - 教育/培训,≥1天,600-1000/天
诚聘心理类讲师,圣才电子书 - 教育/培训,≥1天,500-1000/天
诚聘中文类兼职讲师,圣才电子书 - 教育/培训,≥1天,600-1000/天
兼职讲师（金融、证券...,圣才电子书 - 教育/培训,≥1天,500-1000/天
兼职讲师（财会类）,圣才电子书 - 教育/培训,≥1天,500-900/天
诚聘兼职讲师（统计类...,圣才电子书 - 教育/培训,≥1天,600-1000/天
兼职讲师（医学类）,圣才电子书 - 教育/培训,≥1天,600-1000/天
诚聘英语类兼职讲师,圣才电子书 - 教育/培训,≥1天,500-1000/天
招聘兼职讲师,圣才电子书 - 教育/培训,≥1天,500-1000/天
HR助理,航天人才 - 政府/公共事业,≥4天,100-150/天
薪酬实习生,航天人才 - 政府/公共事业,≥3天,90-120/天
人力资源研究院,航天人才 - 政府/公共事业,≥3天,120-150/天
咨询顾问实习,航天人才 - 政府/公共事业,≥3天,100-200/天
人力资源实习生（天翼...,猎聘网 - 互联网,≥3天,120-120/天
管培生,浙江外服 - 专业服务/咨询,≥3天,85-120/天
计算机类兼职编辑,圣才教育 - 教育/培训,≥1天,120-200/天
招聘,猎聘网 - 互联网,≥3天,100-100/天
工程类电子书兼职编辑,圣才教育 - 教育/培训,≥1天,120-200/天
运营实习生,去哪儿网 - 互联网,≥4天,120-150/天
医学类电子书兼职编辑,圣才教育 - 教育/培训,≥1天,120-200/天
金融类电子书兼职编辑,圣才教育 - 教育/培训,≥1天,120-200/天
新媒体,春雨医生 - 生物/医药,≥3天,150-260/天
量化实现实习生,汇安基金,≥4天,面议
数据开发实习生,汇安基金,≥4天,面议
量化策略实习生,汇安基金,≥4天,面议
计算机科学技术研究所...,北京大学,≥4天,面议
算法实习生,今日头条 - 互联网,≥4天,面议
计算机组新财富团队实...,申万宏源研究所 - 投资/期货,≥4天,面议
前端开发工程师,京东 - 互联网,≥4天,面议
产品运营实习生,网易公司 - 互联网,≥5天,面议
产品实习生,第四范式,≥4天,面议
运营助理,信而泰科技,≥3天,面议
营销助理,信而泰科技,≥3天,面议
实习生,豆瓣 - 互联网,≥4天,面议
实习家教（物理）,学狮辅导 - 教育/培训,≥1天,300-500/天
初中线上家教兼职,学狮辅导 - 教育/培训,≥1天,300-500/天
媒介实习生,星榜 - 互联网,≥4天,120-140/天
HR精英实习生,今日头条 - 互联网,≥3天,面议
法务实习生,创新工场 - 投资/期货,≥4天,面议
人力资源实习生,理光中国,≥4天,面议
爬虫实习生,地平线,≥4天,面议
金融标准化实习生,中国人民银行,≥4天,面议
计算机视觉实习生,三星电子 - 通信/电子,≥4天,面议
深度学习算法实习生,三星电子 - 通信/电子,≥4天,面议
移动App开发实习生,联想(北京)有限公司 - 通信/电子,≥4天,面议
设计师实习生,微软在线 - 互联网,≥3天,面议
自然语言处理实习生,爱奇艺 - 互联网,≥4天,面议
三维重建方向算法实习...,百度 - 互联网,≥4天,面议
人资资源实习生,一点资讯 - 互联网,≥4天,面议
展商服务,慕尼黑展览 - 公关/会展,≥3天,150-150/天
体育部实习生,人民网 - 公众服务,≥4天,40-80/天
英文实习编辑,人民网 - 公众服务,≥4天,40-80/天
实习分镜师,人民网 - 公众服务,≥4天,40-80/天
产品实习生-国际化,币世界 - 互联网,≥6天,150-200/天
产品实习生,币世界 - 互联网,≥6天,150-200/天
测试实习生,布本智能 - 互联网,≥4天,120-180/天
社会网络分析工程师（...,青岛智能产业技术研究... - 互联网,≥4天,100-200/天
网络系统技术工程师（...,青岛智能产业技术研究... - 互联网,≥5天,100-200/天
硬件网络技术工程师（...,青岛智能产业技术研究... - 互联网,≥4天,100-200/天
网络系统技术工程师（...,青岛智能产业技术研究... - 互联网,≥5天,100-200/天
软件开发,微软在线 - 广告,≥3天,150-200/天
体育类实习生,人民网 - 公众服务,≥4天,40-80/天
法务实习生,人民网 - 公众服务,≥4天,40-80/天
夜班实习后期制作,人民网 - 公众服务,≥4天,40-80/天
夜班实习摄像师,人民网 - 公众服务,≥4天,40-60/天
hr实习生,蛋壳公寓 - 互联网,≥3天,100-150/天
摄影,人民网 - 公众服务,≥4天,40-80/天
视频编辑实习生,人民网 - 公众服务,≥3天,40-80/天
日语运营实习生（游戏...,热酷 - 互联网,≥5天,100-200/天
测试实习生,IBM - 互联网,≥4天,面议
开发实习生,IBM - 互联网,≥4天,面议
度秘云端新闻产品实习...,百度 - 互联网,≥4天,面议
市场研究部实习生,万科 - 房地产,≥3天,面议
视频分析算法实习生,爱奇艺 - 互联网,≥4天,面议
营销策划实习生,第四范式,≥4天,面议
HR实习生,快手,≥4天,面议
投研实习生,长江商学院 - 教育/培训,≥4天,面议
运维工程师实习生,亚马逊 - 互联网,≥4天,面议
法务部实习生,博彦科技 - 互联网,≥4天,面议
标准化事务综合岗实习...,中国国际贸易促进委员...,≥4天,面议
管理培训生,天普教育 - 教育/培训,≥5天,100-150/天
文案策划实习生,首创置业-郎园 - 房地产,≥3天,100-150/天
会展/广告/新闻实习...,首创置业-郎园 - 房地产,≥3天,100-150/天
新媒体运营实习生,首创置业-郎园 - 房地产,≥3天,100-150/天
人民体育专项实习生,人民网 - 公众服务,≥4天,40-80/天
开发实习生,数据堂 - 互联网,≥4天,面议
新媒体运营实习生,中航信移动科技有限公...,≥4天,面议
图像识别开发实习生,数据堂 - 互联网,≥4天,面议
数据运营实习生,Momenta - 互联网,≥5天,300-300/天
人力资源实习生,浪潮信息,≥4天,100-150/天
1对1数学老师 (实...,学狮辅导 - 教育/培训,≥1天,300-500/天
1对1初中辅导老师,学狮辅导 - 教育/培训,≥1天,300-500/天
销售支持,链家 - 房地产,≥6天,500-600/天
销售,链家 - 房地产,≥6天,500-600/天
人才管理咨询实习生,中智国际人才 - 专业服务/咨询,≥3天,100-200/天
中小学辅导老师,学狮辅导 - 教育/培训,≥1天,300-500/天
在线文科老师,学狮辅导 - 教育/培训,≥1天,300-500/天
在线一对一老师,学狮辅导 - 教育/培训,≥1天,300-500/天
远程教育辅导老师,学狮辅导 - 教育/培训,≥1天,300-600/天
人事/HR,日产中国 - 汽车,≥3天,100-100/天
房产销售,链家 - 房地产,≥6天,20-25/天
销售支持,链家 - 房地产,≥6天,500-800/天
销售,链家 - 房地产,≥6天,15-18/天
1对1辅导老师,学狮辅导 - 教育/培训,≥1天,300-500/天
市场实习生,恒润科技 - 通信/电子,≥3天,面议
助理交易员,北京东方睿石投资管理...,≥4天,面议
平台车主策略运营实习...,滴滴出行 - 互联网,≥4天,面议
深度学习算法实习生,陌陌 - 互联网,≥4天,面议
运营风控实习生,中海外钜融资产管理集...,≥4天,面议
工商管理实习生,北京沐羽科技有限公司,≥4天,面议
实习生,北京工业发展咨询有限...,≥4天,面议
数据分析实习生,京东 - 互联网,≥4天,面议
HR实习生,ofo,≥4天,面议
Deep Learn...,英特尔 - 互联网,≥4天,面议
数据仓库实习工程师,美团 - 互联网,≥4天,面议
人力资源实习生,玖富集团 - 互联网,≥4天,面议
研发实习生,滴滴出行 - 互联网,≥5天,面议
实习生,世邦魏理仕集团公司,≥4天,面议
实习生,GeneDock,≥4天,面议
金融工程实习生,川谷金融科技,≥4天,面议
技术文档写作实习生,GE医疗集团,≥4天,面议
人力资源岗位实习生,联通系统集成有限公司 - 通信/电子,≥4天,面议
远程教育在线老师,学狮辅导 - 教育/培训,≥1天,300-500/天
小学各科辅导老师,学狮辅导 - 教育/培训,≥1天,300-500/天
网站编辑实习生,艾瑞集团 - 专业服务/咨询,≥4天,100-100/天
研究助理实习生,艾瑞集团 - 专业服务/咨询,≥4天,100-100/天
研究部日常实习生,中航基金,≥4天,面议
人力资源管理实习生,中核能源科技有限公司,≥4天,面议
流策略产品实习生,百度 - 互联网,≥4天,面议
投资分析管培实习生,中科实业集团（控股）...,≥4天,面议
金融管理部管培实习生,中科实业集团（控股）...,≥4天,面议
数据分析实习生,滴滴出行 - 互联网,≥4天,面议
产品实习生,搜狗 - 互联网,≥4天,面议
HR培训实习生,阳光城集团,≥4天,面议
深度学习算法实习生,三星电子 - 通信/电子,≥4天,面议
新媒体广告销售,省钱快报 - 互联网,≥5天,120-150/天
市场实习生,北京唯幻科技有限公司,≥4天,面议
互联网创新部门实习生,阳光保险 - 保险,≥4天,面议
投资分析实习生,北京双湖投资管理有限...,≥4天,面议
金融投资实习生,九合金控投资股份有限...,≥4天,面议
法务实习生,泡泡玛特 - 零售/贸易,≥3天,100-150/天
管理培训生/储备店长,北京热风 - 零售/贸易,≥6天,150-200/天
行政实习生,智慧足迹 - 互联网,≥4天,100-110/天
1对1各科辅导老师,学狮辅导 - 教育/培训,≥1天,300-500/天
实习家教（英语）,学狮辅导 - 教育/培训,≥1天,300-500/天
法务实习生,创业黑马 - 互联网,≥4天,80-100/天
市场助理实习生,创业黑马 - 互联网,≥4天,80-100/天
产品实习生,小米 - 互联网,≥4天,面议
数据分析实习生,百度 - 互联网,≥4天,面议
债券融资部实习生,华融证券,≥4天,面议
大数据平台工程师,北京大数据研究院,≥4天,面议
模拟器开发工程师,中国科学院自动化研究...,≥4天,面议
集成电路数字前端工程...,中国科学院自动化研究...,≥4天,面议
算法工程师,中科院自动化研究所,≥4天,面议
嵌入式软件开发工程师,中科院自动化研究所 - 互联网,≥4天,面议
人力资源实习生,七鑫易维,≥4天,面议
数据分析实习生,东兴证券,≥4天,面议
财务实习生,正略集团 - 专业服务/咨询,≥4天,面议
股票投研实习生,中金公司 - 基金/证券,≥4天,面议
HR实习生,搜狐视频 - 互联网,≥4天,面议
运营实习生,复思资本,≥4天,面议
投资银行部实习生,中金公司 - 基金/证券,≥4天,面议
前端开发实习生,滴滴出行 - 互联网,≥4天,面议
供应链部门实习生,灵动科技 - 互联网,≥3天,100-150/天
客服运营专员,轻课 - 互联网,≥3天,2-3/天
环保公用事业组实习生,华创证券 - 投资/期货,≥4天,面议
软件测试实习生,小米 - 互联网,≥4天,面议
平面设计实习生,小米 - 互联网,≥4天,面议
软件测试实习生,小米 - 互联网,≥4天,面议
平面设计实习生,小米 - 互联网,≥4天,面议
行研实习生,华创证券 - 投资/期货,≥4天,面议
英语实习生,墨场教育 - 教育/培训,≥3天,100-150/天
会计实习生,昌荣传播 Charm - 广告,≥4天,95-115/天
媒体购买执行,昌荣传播 Charm - 广告,≥4天,95-115/天
媒介策划实习生,昌荣传播 Charm - 广告,≥4天,95-115/天
人力资源实习生,昌荣传播 Charm - 广告,≥4天,95-115/天
计算机视觉/图像/视...,中国科学院自动化研究... - 政府/公共事业,≥5天,200-250/天
初中辅导各科老师,学狮辅导 - 教育/培训,≥1天,300-500/天
小学各科辅导老师,学狮辅导 - 教育/培训,≥1天,300-500/天
财务部实习生,CDP - 专业服务/咨询,≥4天,150-200/天
物联网安全分析Pyt...,中科院信工所 - 互联网,≥5天,150-200/天
销售助理实习生,天极传媒 - 互联网,≥5天,100-120/天
项目助理实习生,开智学堂 - 互联网,≥4天,100-150/天
研究所固定收益组实习...,东北证券 - 基金/证券,≥4天,面议
动漫频道设计实习生,小米 - 互联网,≥5天,面议
电力设备新能源团队招...,方正证券 - 基金/证券,≥4天,面议
TMT实习行业研究员,远策投资管理有限公司,≥4天,面议
财务部实习生,国新国际有限公司,≥4天,面议
计算机视觉实习生,中科院自动化所,≥4天,面议
信托业务部门实习生,中信信托,≥4天,面议
战略投资部实习生,方正国际,≥4天,面议
物联网安全研究实习生,启明星辰公司,≥4天,面议
系统支持实习生,京东 - 互联网,≥5天,面议
债券发行岗实习生,国信证券 - 基金/证券,≥4天,面议
投资部实习生,中非产能合作基金,≥4天,面议
投资分析实习生,招商局集团有限公司,≥4天,面议
新媒体文案运营实习生,滴滴出行 - 互联网,≥4天,面议
算法,滴滴出行 - 互联网,≥4天,面议
网络开发实习生,英特尔 - 互联网,≥4天,面议
智能问答系统开发实习...,腾讯 - 互联网,≥4天,面议
管培生/管理培训生,上海思芮 - 互联网,≥5天,100-120/天
推广：校园代理,辅导君 - 教育/培训,≥2天,100-150/天
1对1在线小学作业辅...,学狮辅导 - 教育/培训,≥1天,300-500/天
专员,律览公关 - 公关/会展,≥3天,150-250/天
在线辅导老师,学狮辅导 - 教育/培训,≥2天,300-500/天
大学生家教,辅导君 - 教育/培训,≥2天,100-150/天
JAVA开发岗（网管...,中国电信电渠中心 - 通信/电子,≥4天,面议
数据库管理平台前后台...,IBM - 互联网,≥4天,面议
POI数据中心研发工...,百度地图,≥4天,面议
算法/机器学习工程师,微软,≥4天,面议
市场管理培训生,北京轻松筹技术有限公...,≥4天,面议
信息安全实习生,北京轻松筹技术有限公...,≥4天,面议
H5实习生,北京轻松筹技术有限公...,≥4天,面议
数据开发实习生,北京轻松筹技术有限公...,≥4天,面议
数据分析实习生,北京轻松筹技术有限公...,≥4天,面议
golang实习生,北京轻松筹技术有限公...,≥4天,面议
Android实习生,北京轻松筹技术有限公...,≥4天,面议
ios实习生,北京轻松筹技术有限公...,≥4天,面议
测试实习生,北京轻松筹技术有限公...,≥3天,面议
JAVA实习生,北京轻松筹技术有限公...,≥4天,面议
PHP实习生,北京轻松筹技术有限公...,≥4天,面议
财务实习生,北京轻松筹技术有限公...,≥4天,面议
人事/HR实习生,北京轻松筹技术有限公...,≥3天,面议
产品实习生,北京轻松筹技术有限公...,≥4天,面议
人工审核实习生,北京轻松筹技术有限公...,≥4天,面议
用户运营实习生,北京轻松筹技术有限公...,≥4天,面议
内容运营实习生,北京轻松筹技术有限公... - 互联网,≥4天,面议
内容运营实习生,搜狐 - 互联网,≥4天,200-200/天
程序员|数据算法实习...,北京智速科技有限公司,≥4天,面议
网站编辑,我爱卡 - 互联网,≥5天,100-137/天
商务,我爱卡 - 互联网,≥5天,100-137/天
人力资源实习生,滴滴出行 - 互联网,≥4天,150-200/天
法务实习生,商汤科技 - 公众服务,≥4天,150-200/天
AI实习生,来也,≥4天,200-400/天
语音识别算法实习生,地平线科技公司,≥3天,190-300/天
人力资源实习生,中诚信国际信用评级有...,≥4天,100-150/天
软件工程师,南京道熵信息技术有限...,≥4天,面议
计算机视觉算法工程师,微软 - 互联网,≥3天,面议
HR实习生,腾讯 - 互联网,≥3天,100-120/天
车企编导,律览公关 - 公关/会展,≥3天,150-250/天
地推（运营推广）,雅森科技 - 生物/医药,≥5天,200-300/天
商务助理,律览公关 - 公关/会展,≥3天,150-250/天
公关助理,律览公关 - 公关/会展,≥5天,150-250/天
幼儿英语教研,对啊网 - 教育/培训,≥4天,100-150/天
新媒体运营实习生,IBM - 互联网,≥4天,面议
临床医学实习生,IBM - 互联网,≥3天,面议
管理咨询战略实习生,IBM - 互联网,≥4天,面议
软件测试工程师（实习...,IBM - 互联网,≥3天,面议
投资经理助理,建信信托,≥3天,面议
图像算法实习生岗位,海尔新媒体 - 机械/制造,≥3天,面议
数据类实习生,海尔新媒体 - 机械/制造,≥3天,面议
行政实习生,德勤咨询 - 专业服务/咨询,≥3天,面议
Java/Javas...,IBM - 互联网,≥3天,面议
运营实习生,龙湖地产 - 房地产,≥4天,面议
客座实习生,中科曙光 - 通信/电子,≥3天,面议
审计稽核部实习生,中船财务有限责任公司,≥4天,面议
软件测试实习生,厦门乐域网络科技有限...,≥4天,面议
内容专员实习生,爱思唯尔国际出版,≥3天,180-180/天
人力实习生,Kika北京新美互通...,≥4天,面议
内容生产实习生,中国发展研究基金会,≥4天,面议
HR BP实习生,人人公司,≥3天,120-120/天
战略规划实习生,新华三技术有限公司,≥3天,面议
深度学习|图像处理|...,英特尔中国 - 互联网,≥3天,面议
产品运营实习生,腾讯 - 互联网,≥5天,面议
企业宣传、综合岗实习...,中化石油勘探开发有限...,≥3天,面议
医生用户调研专员（兼...,雅森科技 - 生物/医药,≥5天,200-300/天
微信运营实习生,互动百科 - 互联网,≥4天,100-150/天
产品运营实习生,互动百科 - 互联网,≥4天,100-150/天
财务助理,神州在线 - 互联网,≥5天,100-200/天
嵌入式,UISEE - 汽车,≥4天,180-260/天
法学教材类兼职讲师,圣才电子书 - 教育/培训,≥1天,500-1000/天
医学考试类兼职讲师,圣才电子书 - 教育/培训,≥1天,500-1000/天
【统计类教材】兼职讲...,圣才电子书 - 教育/培训,≥1天,500-1000/天
兼职讲师【财会类】,圣才电子书 - 教育/培训,≥1天,500-1000/天
兼职讲师【金融、证券...,圣才电子书 - 教育/培训,≥1天,500-1000/天
兼职讲师【心理类】,圣才电子书 - 教育/培训,≥1天,500-1000/天
外勤会计助理/实习生,华财会计在线 - 财务/会计/审计,≥5天,90-100/天
人力资源实习生,中智国际人才 - 专业服务/咨询,≥3天,100-120/天
新媒体运营推广实习生,马克笔设计留学 - 教育/培训,≥4天,80-120/天
英语翻译,马克笔设计留学 - 教育/培训,≥5天,100-150/天
行政实习生,互动百科 - 互联网,≥4天,100-150/天
销售管培生/实习生,链家 - 房地产,≥5天,180-360/天
销售代表/房产销售专...,链家 - 房地产,≥6天,199-388/天
【链家总部】销售代表...,链家 - 房地产,≥6天,180-360/天
销售实习生/可转岗,链家 - 房地产,≥5天,180-360/天
销售BD/销售储备经...,链家 - 房地产,≥5天,199-388/天
销售实习生,链家 - 房地产,≥6天,188-366/天
房产经纪人/销售储备...,链家 - 房地产,≥6天,180-360/天
销售运营实习生,链家 - 房地产,≥5天,190-380/天
房产经纪人/房产储备...,链家 - 房地产,≥5天,200-400/天
链家销售管培生,链家 - 房地产,≥5天,180-360/天
经济师讲师,万题库 - 教育/培训,≥5天,8-15/天
交付助理,上海思芮 - 互联网,≥4天,100-200/天
在线远程 小初高语数...,海风教育 - 教育/培训,≥1天,300-550/天
.Net开发实习生（...,北森 - 互联网,≥5天,150-260/天
软件项目实习生（19...,北森 - 互联网,≥5天,120-160/天
金融/经济研究员,人人金服,≥3天,面议
JAVA开发工程师,中国电信电渠中心 - 通信/电子,≥4天,80-115/天
产品运营实习生,多禾聚元 - 互联网,≥5天,150-200/天
前端实习生,百度 - 互联网,≥4天,面议
界面设计实习生,联想(北京)有限公司 - 通信/电子,≥4天,面议
后端开发实习生,北京市商汤科技开发有...,≥4天,面议
研究部实习生,大唐财富投资管理有限...,≥4天,面议
人事/HR,百度 - 互联网,≥4天,面议
部门助理实习生,小米 - 互联网,≥4天,面议
人力资源实习生,人人 - 互联网,≥4天,100-120/天
猎头实习生,泰伦曙光 - 专业服务/咨询,≥4天,120-140/天
金融产品助理实习生,新证金融 - 基金/证券,≥3天,100-200/天
Java岗位实习生,新证金融 - 基金/证券,≥3天,100-200/天
测试岗位实习生,新证金融 - 基金/证券,≥3天,100-200/天
前端岗位实习生,新证金融 - 基金/证券,≥3天,100-200/天
市场部实习生,新证金融 - 基金/证券,≥3天,100-200/天
医学信息沟通实习生,赛诺菲 - 医疗/卫生,≥3天,200-230/天
法务实习生,人人 - 互联网,≥4天,100-120/天
新媒体运营实习生,人人 - 互联网,≥4天,100-150/天
行政文员工作轻松底薪...,九尾科技 - 互联网,≥5天,150-200/天
人事助理,北京康诚世纪投资有限... - 其他行业,≥5天,110-200/天
金融产品业务专员,北京康诚世纪投资有限... - 其他行业,≥5天,100-200/天
英语素材编辑,轻课 - 互联网,≥2天,140-150/天
英语内容编辑,轻课 - 互联网,≥3天,140-180/天
前端开发实习生,湛腾科技 - 互联网,≥5天,130-150/天
推广,链家 - 房地产,≥6天,400-500/天
房产销售,链家 - 房地产,≥6天,400-500/天
销售支持,链家 - 房地产,≥6天,400-500/天
房产销售,链家 - 房地产,≥6天,400-500/天
销售支持,链家 - 房地产,≥6天,400-500/天
销售,链家 - 房地产,≥6天,400-500/天
销售支持,链家 - 房地产,≥6天,400-500/天
推广,链家 - 房地产,≥6天,500-600/天
房产销售,链家 - 房地产,≥6天,500-600/天
销售,链家 - 房地产,≥6天,400-500/天
推广,链家 - 房地产,≥6天,300-400/天
部门助理实习生（hr...,今日头条 - 互联网,≥4天,100-150/天
推广,链家 - 房地产,≥6天,400-500/天
销售,链家 - 房地产,≥6天,400-500/天
业务,链家 - 房地产,≥6天,300-400/天
房产销售,链家 - 房地产,≥6天,300-400/天
商务,链家 - 房地产,≥6天,500-600/天
地产开发,链家 - 房地产,≥6天,500-600/天
房产销售,链家 - 房地产,≥6天,300-400/天
人力资源,链家 - 房地产,≥6天,500-600/天
光电,链家 - 房地产,≥6天,500-600/天
推广,链家 - 房地产,≥6天,500-550/天
内容运营,链家 - 房地产,≥6天,300-400/天
运维工程师,中经云 - 互联网,≥5天,130-150/天
视频审核编辑实习生,今日头条 - 互联网,≥4天,100-150/天
内容运营,今日头条 - 互联网,≥4天,100-150/天
新媒体编辑实习生,北京好头发网络科技有... - 医疗/卫生,≥5天,120-150/天
招聘销售管培生,北京链家-亚奥金茂悦... - 房地产,≥6天,100-150/天
UI/UE设计,湛腾科技 - 互联网,≥4天,140-200/天
测试实习生,湛腾科技 - 互联网,≥4天,140-200/天
Android实习生,湛腾科技 - 互联网,≥4天,140-200/天
IOS实习生,湛腾科技 - 互联网,≥4天,140-200/天
房产销售,链家 - 房地产,≥6天,300-350/天
销售支持,链家 - 房地产,≥6天,300-350/天
销售,链家 - 房地产,≥6天,300-355/天
商品审核支持,京东到家 - 互联网,≥5天,120-150/天
产品数据岗,京东到家 - 互联网,≥5天,120-150/天
律所实习生,万慧达律师事务所 - 专业服务/咨询,≥5天,100-150/天
销售助理,北京科卓 - 互联网,≥5天,150-300/天
韩国区块链社群运营（...,布洛克财经 - 互联网,≥5天,200-400/天
实习生――行政,麦可思数据 - 教育/培训,≥4天,80-100/天
项目助理,上海思芮 - 互联网,≥5天,100-200/天
大客户助理,上海思芮 - 互联网,≥5天,100-200/天
医学信息专员/医药代...,瀚晖制药有限公司 - 生物/医药,≥3天,120-120/天
出纳,麦可思数据 - 教育/培训,≥5天,100-150/天
猎头顾问实习生（可转...,CGP Beijin... - 专业服务/咨询,≥4天,100-150/天
编辑记者,名志时代 - 影视传媒,≥5天,70-100/天
新媒体运营实习生,名志时代 - 影视传媒,≥5天,80-100/天
采编实习生、新媒体运...,名志时代 - 影视传媒,≥5天,80-100/天
后期制作,名志时代 - 影视传媒,≥5天,80-100/天
HR实习生（招聘方向...,神舟传媒 - 影视传媒,≥3天,80-100/天
用户运营,轻课 - 互联网,≥3天,120-150/天
平面设计,蕊希工作室 - 文化/娱乐,≥5天,100-130/天
猎头顾问,埃摩森猎头机构 - 专业服务/咨询,≥5天,100-200/天
顾问,埃摩森猎头机构 - 专业服务/咨询,≥2天,150-200/天
新媒体运营实习生,橘子娱乐 - 互联网,≥4天,100-120/天
新东方校园经理人,新东方 - 教育/培训,≥7天,150-300/天
新东方托福校园行活动...,新东方 - 教育/培训,≥7天,100-200/天
AE客户执行,UMG联播传媒 - 影视传媒,≥5天,100-100/天
房产销售,链家 - 房地产,≥6天,300-600/天
市场,链家 - 房地产,≥6天,400-800/天
销售支持,链家 - 房地产,≥6天,400-800/天
商务,链家 - 房地产,≥6天,300-600/天
网络销售专员,万门大学 - 互联网,≥5天,150-200/天
课程运营,万门大学 - 互联网,≥5天,120-150/天
销售,万门大学 - 互联网,≥5天,120-150/天
招聘经理实习生,尚德机构 - 教育/培训,≥4天,120-200/天
数据挖掘,浪潮电子信息产业股份... - 通信/电子,≥4天,100-120/天
云计算/大数据,浪潮电子信息产业股份... - 通信/电子,≥4天,100-120/天
算法,浪潮电子信息产业股份... - 通信/电子,≥3天,100-120/天
销售助理实习生,东方风行文化传媒 - 影视传媒,≥4天,60-70/天
用户运营,轻课 - 互联网,≥3天,120-150/天
人民视频-视频服务组...,人民网 - 公众服务,≥4天,40-80/天
人民视频-拍客组实习...,人民网 - 公众服务,≥4天,40-80/天
人民视频-视频后期、...,人民网 - 公众服务,≥4天,40-80/天
人民电视摄像师、音频...,人民网 - 公众服务,≥4天,40-80/天
顾问助理／ 人力资源...,泛优咨询 - 互联网,≥3天,110-120/天
人民视频-日常新闻、...,人民网 - 公众服务,≥4天,120-150/天
销售,合付宝 - 互联网,≥5天,175-350/天
科普教育活动实习生,神舟传媒 - 影视传媒,≥2天,80-150/天
行政前台,起风财经 - 互联网,≥5天,120-160/天
编辑,起风财经 - 互联网,≥3天,120-160/天
新媒体,起风财经 - 互联网,≥3天,120-160/天
用户运营,起风财经 - 互联网,≥5天,120-160/天
实习老师（科学）,昂立嗨课堂 - 教育/培训,≥1天,300-500/天
前期编导,东方风行文化传媒 - 影视传媒,≥4天,60-70/天
Test Autom...,宝马中国 - 汽车,≥4天,149-150/天
2D/3D,北京科技孵化器 - 互联网,≥5天,150-300/天
美术设计,北京科技孵化器 - 互联网,≥5天,150-300/天
影视特效设计急聘,北京科技孵化器 - 互联网,≥5天,100-200/天
游戏场景模型师,北京科技孵化器 - 互联网,≥5天,150-300/天
后期剪辑实习招聘/可...,北京科技孵化器 - 互联网,≥5天,150-300/天
计算机实习生可以培养,北京科技孵化器 - 互联网,≥5天,100-200/天
计算机技术高薪急聘,北京科技孵化器 - 互联网,≥5天,100-200/天
急聘计算机实习生,北京科技孵化器 - 互联网,≥5天,100-200/天
HRBP实习生,新浪微博 - 互联网,≥4天,80-100/天
会计助理（实习生）,华财会计在线 - 财务/会计/审计,≥5天,90-100/天
头条问答运营实习生,今日头条 - 互联网,≥4天,100-150/天
头条账号评估实习生,今日头条 - 互联网,≥4天,100-150/天
国际化视频审核编辑实...,今日头条 - 互联网,≥4天,140-150/天
模型标注编辑实习生,今日头条 - 互联网,≥4天,100-150/天
优质内容维护实习生,今日头条 - 互联网,≥4天,100-150/天
社区产品质量分析实习...,今日头条 - 互联网,≥4天,100-150/天
搜索产品运营实习生（...,今日头条 - 互联网,≥3天,100-150/天
其他语种产品评估实习...,今日头条 - 互联网,≥4天,140-150/天
国际化内容推荐优化实...,今日头条 - 互联网,≥4天,140-150/天
小语种产品评估实习生,今日头条 - 互联网,≥4天,140-150/天
直播审核编辑实习生,今日头条 - 互联网,≥4天,100-150/天
短视频审核编辑实习生,今日头条 - 互联网,≥4天,100-150/天
时政内容审核编辑,今日头条 - 互联网,≥4天,100-150/天
软件测试实习生,亚信科技 - 互联网,≥4天,118-146/天
运维开发实习生,亚信科技 - 互联网,≥4天,118-146/天
产品运营,货圈全 - 互联网,≥5天,100-120/天
HR 实习生,亚马逊 - 互联网,≥4天,120-150/天
团队年轻晋升透明-应...,链家 - 房地产,≥6天,300-600/天
链家房产销售-团队年...,链家 - 房地产,≥6天,133-266/天
【北京链家】房产销售...,链家 - 房地产,≥6天,133-266/天
链家房产销售-团队年...,链家 - 房地产,≥6天,133-266/天
【lianjia.l...,链家 - 房地产,≥6天,133-260/天
【北京链家】房产销售...,链家 - 房地产,≥6天,133-260/天
TAP特邀买家专员,励展博览集团 - 专业服务/咨询,≥4天,120-121/天
推广,励展博览集团 - 专业服务/咨询,≥4天,120-120/天
市场,励展博览集团 - 专业服务/咨询,≥4天,120-150/天
人力资源实习生,猎聘网 - 互联网,≥5天,110-120/天
